What Graduates Did,Class:Counts
Continuing education ,1959
Continuing education ,1959
Continuing education ,1959
Continuing education ,1959
Continuing education ,1959
Continuing education ,1959
Continuing education ,1959
Continuing education ,1959
Continuing education ,1959
Continuing education ,1959
Continuing education ,1959
Continuing education ,1959
Continuing education ,1959
Continuing education ,1959
Continuing education ,1959
Continuing education ,1959
Continuing education ,1959
Continuing education ,1959
Continuing education ,1959
Continuing education ,1959
Continuing education ,1959
Continuing education ,1959
Continuing education ,1959
Continuing education ,1959
Continuing education ,1959
Continuing education ,1959
Continuing education ,1959
Continuing education ,1959
Continuing education ,1959
Continuing education ,1959
Continuing education ,1959
Continuing education ,1959
Continuing education ,1959
Continuing education ,1959
Continuing education ,1959
Continuing education ,1959
Continuing education ,1959
Continuing education ,1959
Continuing education ,1959
Continuing education ,1959
Continuing education ,1959
Continuing education ,1959
Continuing education ,1959
Continuing education ,1959
Continuing education ,1959
Continuing education ,1959
Continuing education ,1959
Continuing education ,1959
Continuing education ,1959
Continuing education ,1959
Continuing education ,1959
Continuing education ,1959
Continuing education ,1959
Continuing education ,1959
Continuing education ,1959
Continuing education ,1959
Continuing education ,1959
Continuing education ,1959
Continuing education ,1959
Continuing education ,1959
Continuing education ,1959
Continuing education ,1959
Continuing education ,1959
Continuing education ,1959
Continuing education ,1959
Continuing education ,1959
Continuing education ,1959
Continuing education ,1959
Continuing education ,1959
Continuing education ,1959
Continuing education ,1959
Continuing education ,1959
Continuing education ,1959
Continuing education ,1959
Continuing education ,1959
Continuing education ,1959
Continuing education ,1959
Continuing education ,1959
Continuing education ,1959
Continuing education ,1959
Continuing education ,1959
Continuing education ,1959
Continuing education ,1959
Continuing education ,1959
Continuing education ,1959
Continuing education ,1959
Continuing education ,1959
Continuing education ,1959
Continuing education ,1959
Continuing education ,1959
Continuing education ,1959
Continuing education ,1959
Continuing education ,1959
Continuing education ,1959
Continuing education ,1959
Continuing education ,1959
Continuing education ,1959
Continuing education ,1959
Continuing education ,1959
Continuing education ,1959
Continuing education ,1959
Continuing education ,1959
Continuing education ,1959
Continuing education ,1959
Continuing education ,1959
Continuing education ,1959
Continuing education ,1959
Continuing education ,1959
Continuing education ,1959
Continuing education ,1959
Continuing education ,1959
Continuing education ,1959
Continuing education ,1959
Continuing education ,1959
Continuing education ,1959
Continuing education ,1959
Continuing education ,1959
Continuing education ,1959
Continuing education ,1959
Continuing education ,1959
Continuing education ,1959
Continuing education ,1959
Continuing education ,1959
Continuing education ,1959
Continuing education ,1959
Continuing education ,1959
Continuing education ,1959
Continuing education ,1959
Continuing education ,1959
Continuing education ,1959
Continuing education ,1959
Continuing education ,1959
Continuing education ,1959
Continuing education ,1959
Continuing education ,1959
Continuing education ,1959
Continuing education ,1959
Continuing education ,1959
Continuing education ,1959
Continuing education ,1959
Continuing education ,1959
Continuing education ,1959
Continuing education ,1959
Continuing education ,1959
Continuing education ,1959
Continuing education ,1959
Continuing education ,1959
Continuing education ,1959
Continuing education ,1959
Continuing education ,1959
Continuing education ,1959
Continuing education ,1959
Continuing education ,1959
Continuing education ,1959
Continuing education ,1959
Continuing education ,1959
Continuing education ,1959
Continuing education ,1959
Continuing education ,1959
Continuing education ,1959
Continuing education ,1959
Continuing education ,1959
Continuing education ,1959
Continuing education ,1959
Continuing education ,1959
Continuing education ,1959
Continuing education ,1959
Continuing education ,1959
Continuing education ,1959
Continuing education ,1959
Continuing education ,1959
Continuing education ,1959
Continuing education ,1959
Continuing education ,1959
Continuing education ,1959
Continuing education ,1959
Continuing education ,1959
Continuing education ,1959
Continuing education ,1959
Continuing education ,1959
Continuing education ,1959
Continuing education ,1959
Continuing education ,1959
Continuing education ,1959
Continuing education ,1959
Continuing education ,1959
Continuing education ,1959
Continuing education ,1959
Continuing education ,1959
Continuing education ,1959
Continuing education ,1959
Continuing education ,1959
Continuing education ,1959
Continuing education ,1959
Continuing education ,1959
Continuing education ,1959
Continuing education ,1959
Continuing education ,1970
Continuing education ,1970
Continuing education ,1970
Continuing education ,1970
Continuing education ,1970
Continuing education ,1970
Continuing education ,1970
Continuing education ,1970
Continuing education ,1970
Continuing education ,1970
Continuing education ,1970
Continuing education ,1970
Continuing education ,1970
Continuing education ,1970
Continuing education ,1970
Continuing education ,1970
Continuing education ,1970
Continuing education ,1970
Continuing education ,1970
Continuing education ,1970
Continuing education ,1970
Continuing education ,1970
Continuing education ,1970
Continuing education ,1970
Continuing education ,1970
Continuing education ,1970
Continuing education ,1970
Continuing education ,1970
Continuing education ,1970
Continuing education ,1970
Continuing education ,1970
Continuing education ,1970
Continuing education ,1970
Continuing education ,1970
Continuing education ,1970
Continuing education ,1970
Continuing education ,1970
Continuing education ,1970
Continuing education ,1970
Continuing education ,1970
Continuing education ,1970
Continuing education ,1970
Continuing education ,1970
Continuing education ,1970
Continuing education ,1970
Continuing education ,1970
Continuing education ,1970
Continuing education ,1970
Continuing education ,1970
Continuing education ,1970
Continuing education ,1970
Continuing education ,1970
Continuing education ,1970
Continuing education ,1970
Continuing education ,1970
Continuing education ,1970
Continuing education ,1970
Continuing education ,1970
Continuing education ,1970
Continuing education ,1970
Continuing education ,1970
Continuing education ,1970
Continuing education ,1970
Continuing education ,1970
Continuing education ,1970
Continuing education ,1970
Continuing education ,1970
Continuing education ,1970
Continuing education ,1970
Continuing education ,1970
Continuing education ,1970
Continuing education ,1970
Continuing education ,1970
Continuing education ,1970
Continuing education ,1970
Continuing education ,1970
Continuing education ,1970
Continuing education ,1970
Continuing education ,1970
Continuing education ,1970
Continuing education ,1970
Continuing education ,1970
Continuing education ,1970
Continuing education ,1970
Continuing education ,1970
Continuing education ,1970
Continuing education ,1970
Continuing education ,1970
Continuing education ,1970
Continuing education ,1970
Continuing education ,1970
Continuing education ,1970
Continuing education ,1970
Continuing education ,1970
Continuing education ,1970
Continuing education ,1970
Continuing education ,1970
Continuing education ,1970
Continuing education ,1970
Continuing education ,1970
Continuing education ,1970
Continuing education ,1970
Continuing education ,1970
Continuing education ,1970
Continuing education ,1970
Continuing education ,1970
Continuing education ,1970
Continuing education ,1970
Continuing education ,1970
Continuing education ,1970
Continuing education ,1970
Continuing education ,1970
Continuing education ,1970
Continuing education ,1970
Continuing education ,1970
Continuing education ,1970
Continuing education ,1970
Continuing education ,1970
Continuing education ,1970
Continuing education ,1970
Continuing education ,1970
Continuing education ,1970
Continuing education ,1970
Continuing education ,1970
Continuing education ,1970
Continuing education ,1970
Continuing education ,1970
Continuing education ,1970
Continuing education ,1970
Continuing education ,1970
Continuing education ,1970
Continuing education ,1970
Continuing education ,1970
Continuing education ,1970
Continuing education ,1970
Continuing education ,1970
Continuing education ,1970
Continuing education ,1970
Continuing education ,1970
Continuing education ,1970
Continuing education ,1970
Continuing education ,1970
Continuing education ,1970
Continuing education ,1970
Continuing education ,1970
Continuing education ,1970
Continuing education ,1970
Continuing education ,1970
Continuing education ,1970
Continuing education ,1970
Continuing education ,1970
Continuing education ,1970
Continuing education ,1970
Continuing education ,1970
Continuing education ,1970
Continuing education ,1970
Continuing education ,1970
Continuing education ,1970
Continuing education ,1970
Continuing education ,1970
Continuing education ,1970
Continuing education ,1970
Continuing education ,1970
Continuing education ,1970
Continuing education ,1970
Continuing education ,1970
Continuing education ,1970
Continuing education ,1970
Continuing education ,1970
Continuing education ,1970
Continuing education ,1970
Continuing education ,1970
Continuing education ,1970
Continuing education ,1970
Continuing education ,1970
Continuing education ,1970
Continuing education ,1970
Continuing education ,1970
Continuing education ,1970
Continuing education ,1970
Continuing education ,1970
Continuing education ,1970
Continuing education ,1970
Continuing education ,1970
Continuing education ,1970
Continuing education ,1970
Continuing education ,1970
Continuing education ,1970
Continuing education ,1970
Continuing education ,1970
Continuing education ,1970
Continuing education ,1970
Continuing education ,1970
Continuing education ,1970
Continuing education ,1970
Continuing education ,1970
Continuing education ,1970
Continuing education ,1970
Continuing education ,1970
Continuing education ,1970
Continuing education ,1970
Continuing education ,1970
Continuing education ,1970
Continuing education ,1970
Continuing education ,1970
Continuing education ,1970
Continuing education ,1970
Continuing education ,1970
Continuing education ,1970
Continuing education ,1970
Continuing education ,1970
Continuing education ,1970
Continuing education ,1970
Continuing education ,1970
Continuing education ,1970
Continuing education ,1970
Continuing education ,1970
Continuing education ,1970
Continuing education ,1970
Continuing education ,1970
Continuing education ,1970
Continuing education ,1970
Continuing education ,1970
Continuing education ,1970
Continuing education ,1970
Continuing education ,1970
Continuing education ,1970
Continuing education ,1970
Continuing education ,1970
Continuing education ,1970
Continuing education ,1970
Continuing education ,1970
Continuing education ,1970
Continuing education ,1970
Continuing education ,1970
Continuing education ,1970
Continuing education ,1970
Continuing education ,1970
Continuing education ,1970
Continuing education ,1970
Continuing education ,1970
Continuing education ,1970
Continuing education ,1970
Continuing education ,1970
Continuing education ,1970
Continuing education ,1970
Continuing education ,1970
Continuing education ,1970
Continuing education ,1970
Continuing education ,1970
Continuing education ,1970
Continuing education ,1970
Continuing education ,1970
Continuing education ,1970
Continuing education ,1970
Continuing education ,1970
Continuing education ,1970
Continuing education ,1970
Continuing education ,1970
Continuing education ,1970
Continuing education ,1970
Continuing education ,1970
Continuing education ,1970
Continuing education ,1970
Continuing education ,1970
Continuing education ,1970
Continuing education ,1970
Continuing education ,1970
Continuing education ,1970
Continuing education ,1970
Continuing education ,1970
Continuing education ,1970
Continuing education ,1970
Continuing education ,1970
Continuing education ,1970
Continuing education ,1970
Continuing education ,1970
Continuing education ,1970
Continuing education ,1970
Continuing education ,1970
Continuing education ,1970
Continuing education ,1970
Continuing education ,1970
Continuing education ,1970
Continuing education ,1970
Continuing education ,1970
Continuing education ,1970
Continuing education ,1970
Continuing education ,1970
Continuing education ,1970
Continuing education ,1970
Continuing education ,1970
Continuing education ,1970
Continuing education ,1970
Continuing education ,1970
Continuing education ,1970
Continuing education ,1970
Continuing education ,1970
Continuing education ,1970
Continuing education ,1970
Continuing education ,1970
Continuing education ,1970
Continuing education ,1970
Continuing education ,1970
Continuing education ,1970
Continuing education ,1970
Continuing education ,1970
Continuing education ,1970
Continuing education ,1970
Continuing education ,1970
Continuing education ,1970
Continuing education ,1970
Continuing education ,1970
Continuing education ,1970
Continuing education ,1970
Continuing education ,1970
Continuing education ,1970
Continuing education ,1970
Continuing education ,1970
Continuing education ,1970
Continuing education ,1970
Continuing education ,1970
Continuing education ,1970
Continuing education ,1970
Continuing education ,1970
Continuing education ,1970
Continuing education ,1970
Continuing education ,1970
Continuing education ,1970
Continuing education ,1970
Continuing education ,1970
Continuing education ,1970
Continuing education ,1970
Continuing education ,1970
Continuing education ,1970
Continuing education ,1970
Continuing education ,1970
Continuing education ,1970
Continuing education ,1970
Continuing education ,1970
Continuing education ,1970
Continuing education ,1970
Continuing education ,1970
Continuing education ,1970
Continuing education ,1970
Continuing education ,1970
Continuing education ,1970
Continuing education ,1970
Continuing education ,1970
Continuing education ,1970
Continuing education ,1970
Continuing education ,1970
Continuing education ,1970
Continuing education ,1970
Continuing education ,1970
Continuing education ,1970
Continuing education ,1970
Continuing education ,1970
Continuing education ,1970
Continuing education ,1970
Continuing education ,1970
Continuing education ,1970
Continuing education ,1970
Continuing education ,1970
Continuing education ,1970
Continuing education ,1970
Continuing education ,1970
Continuing education ,1970
Continuing education ,1970
Continuing education ,1970
Continuing education ,1970
Continuing education ,1970
Continuing education ,1970
Continuing education ,1970
Continuing education ,1970
Continuing education ,1970
Continuing education ,1970
Continuing education ,1970
Continuing education ,1970
Continuing education ,1970
Continuing education ,1970
Continuing education ,1970
Continuing education ,1970
Continuing education ,1970
Continuing education ,1970
Continuing education ,1970
Continuing education ,1970
Continuing education ,1970
Continuing education ,1980
Continuing education ,1980
Continuing education ,1980
Continuing education ,1980
Continuing education ,1980
Continuing education ,1980
Continuing education ,1980
Continuing education ,1980
Continuing education ,1980
Continuing education ,1980
Continuing education ,1980
Continuing education ,1980
Continuing education ,1980
Continuing education ,1980
Continuing education ,1980
Continuing education ,1980
Continuing education ,1980
Continuing education ,1980
Continuing education ,1980
Continuing education ,1980
Continuing education ,1980
Continuing education ,1980
Continuing education ,1980
Continuing education ,1980
Continuing education ,1980
Continuing education ,1980
Continuing education ,1980
Continuing education ,1980
Continuing education ,1980
Continuing education ,1980
Continuing education ,1980
Continuing education ,1980
Continuing education ,1980
Continuing education ,1980
Continuing education ,1980
Continuing education ,1980
Continuing education ,1980
Continuing education ,1980
Continuing education ,1980
Continuing education ,1980
Continuing education ,1980
Continuing education ,1980
Continuing education ,1980
Continuing education ,1980
Continuing education ,1980
Continuing education ,1980
Continuing education ,1980
Continuing education ,1980
Continuing education ,1980
Continuing education ,1980
Continuing education ,1980
Continuing education ,1980
Continuing education ,1980
Continuing education ,1980
Continuing education ,1980
Continuing education ,1980
Continuing education ,1980
Continuing education ,1980
Continuing education ,1980
Continuing education ,1980
Continuing education ,1980
Continuing education ,1980
Continuing education ,1980
Continuing education ,1980
Continuing education ,1980
Continuing education ,1980
Continuing education ,1980
Continuing education ,1980
Continuing education ,1980
Continuing education ,1980
Continuing education ,1980
Continuing education ,1980
Continuing education ,1980
Continuing education ,1980
Continuing education ,1980
Continuing education ,1980
Continuing education ,1980
Continuing education ,1980
Continuing education ,1980
Continuing education ,1980
Continuing education ,1980
Continuing education ,1980
Continuing education ,1980
Continuing education ,1980
Continuing education ,1980
Continuing education ,1980
Continuing education ,1980
Continuing education ,1980
Continuing education ,1980
Continuing education ,1980
Continuing education ,1980
Continuing education ,1980
Continuing education ,1980
Continuing education ,1980
Continuing education ,1980
Continuing education ,1980
Continuing education ,1980
Continuing education ,1980
Continuing education ,1980
Continuing education ,1980
Continuing education ,1980
Continuing education ,1980
Continuing education ,1980
Continuing education ,1980
Continuing education ,1980
Continuing education ,1980
Continuing education ,1980
Continuing education ,1980
Continuing education ,1980
Continuing education ,1980
Continuing education ,1980
Continuing education ,1980
Continuing education ,1980
Continuing education ,1980
Continuing education ,1980
Continuing education ,1980
Continuing education ,1980
Continuing education ,1980
Continuing education ,1980
Continuing education ,1980
Continuing education ,1980
Continuing education ,1980
Continuing education ,1980
Continuing education ,1980
Continuing education ,1980
Continuing education ,1980
Continuing education ,1980
Continuing education ,1980
Continuing education ,1980
Continuing education ,1980
Continuing education ,1980
Continuing education ,1980
Continuing education ,1980
Continuing education ,1980
Continuing education ,1980
Continuing education ,1980
Continuing education ,1980
Continuing education ,1980
Continuing education ,1980
Continuing education ,1980
Continuing education ,1980
Continuing education ,1980
Continuing education ,1980
Continuing education ,1980
Continuing education ,1980
Continuing education ,1980
Continuing education ,1980
Continuing education ,1980
Continuing education ,1980
Continuing education ,1980
Continuing education ,1980
Continuing education ,1980
Continuing education ,1980
Continuing education ,1980
Continuing education ,1980
Continuing education ,1980
Continuing education ,1980
Continuing education ,1980
Continuing education ,1980
Continuing education ,1980
Continuing education ,1980
Continuing education ,1980
Continuing education ,1980
Continuing education ,1980
Continuing education ,1980
Continuing education ,1980
Continuing education ,1980
Continuing education ,1980
Continuing education ,1980
Continuing education ,1980
Continuing education ,1980
Continuing education ,1980
Continuing education ,1980
Continuing education ,1980
Continuing education ,1980
Continuing education ,1980
Continuing education ,1980
Continuing education ,1980
Continuing education ,1980
Continuing education ,1980
Continuing education ,1980
Continuing education ,1980
Continuing education ,1980
Continuing education ,1980
Continuing education ,1980
Continuing education ,1980
Continuing education ,1980
Continuing education ,1980
Continuing education ,1980
Continuing education ,1980
Continuing education ,1980
Continuing education ,1980
Continuing education ,1980
Continuing education ,1980
Continuing education ,1980
Continuing education ,1980
Continuing education ,1980
Continuing education ,1980
Continuing education ,1980
Continuing education ,1980
Continuing education ,1980
Continuing education ,1980
Continuing education ,1980
Continuing education ,1980
Continuing education ,1980
Continuing education ,1980
Continuing education ,1980
Continuing education ,1980
Continuing education ,1980
Continuing education ,1980
Continuing education ,1980
Continuing education ,1980
Continuing education ,1980
Continuing education ,1980
Continuing education ,1980
Continuing education ,1980
Continuing education ,1980
Continuing education ,1980
Continuing education ,1980
Continuing education ,1980
Continuing education ,1980
Continuing education ,1980
Continuing education ,1980
Continuing education ,1980
Continuing education ,1980
Continuing education ,1980
Continuing education ,1980
Continuing education ,1980
Continuing education ,1980
Continuing education ,1980
Continuing education ,1980
Continuing education ,1980
Continuing education ,1980
Continuing education ,1980
Continuing education ,1980
Continuing education ,1980
Continuing education ,1980
Continuing education ,1980
Continuing education ,1980
Continuing education ,1980
Continuing education ,1980
Continuing education ,1980
Continuing education ,1980
Continuing education ,1980
Continuing education ,1980
Continuing education ,1980
Continuing education ,1980
Continuing education ,1980
Continuing education ,1980
Continuing education ,1980
Continuing education ,1980
Continuing education ,1980
Continuing education ,1980
Continuing education ,1980
Continuing education ,1980
Continuing education ,1980
Continuing education ,1980
Continuing education ,1980
Continuing education ,1980
Continuing education ,1980
Continuing education ,1980
Continuing education ,1980
Continuing education ,1980
Continuing education ,1980
Continuing education ,1980
Continuing education ,1980
Continuing education ,1980
Continuing education ,1980
Continuing education ,1980
Continuing education ,1980
Continuing education ,1980
Continuing education ,1980
Continuing education ,1980
Continuing education ,1980
Continuing education ,1980
Continuing education ,1980
Continuing education ,1980
Continuing education ,1980
Continuing education ,1980
Continuing education ,1980
Continuing education ,1980
Continuing education ,1980
Continuing education ,1980
Continuing education ,1980
Continuing education ,1980
Continuing education ,1980
Continuing education ,1980
Continuing education ,1980
Continuing education ,1980
Continuing education ,1980
Continuing education ,1980
Continuing education ,1980
Continuing education ,1980
Continuing education ,1980
Continuing education ,1980
Continuing education ,1980
Continuing education ,1980
Continuing education ,1980
Continuing education ,1980
Continuing education ,1980
Continuing education ,1980
Continuing education ,1980
Continuing education ,1980
Continuing education ,1980
Continuing education ,1980
Continuing education ,1980
Continuing education ,1980
Continuing education ,1980
Continuing education ,1980
Continuing education ,1980
Continuing education ,1980
Continuing education ,1980
Continuing education ,1980
Continuing education ,1980
Continuing education ,1980
Continuing education ,1980
Continuing education ,1980
Continuing education ,1980
Continuing education ,1980
Continuing education ,1980
Employed ,1959
Employed ,1959
Employed ,1959
Employed ,1959
Employed ,1959
Employed ,1959
Employed ,1959
Employed ,1959
Employed ,1959
Employed ,1959
Employed ,1959
Employed ,1959
Employed ,1959
Employed ,1959
Employed ,1959
Employed ,1959
Employed ,1959
Employed ,1959
Employed ,1959
Employed ,1959
Employed ,1959
Employed ,1959
Employed ,1959
Employed ,1959
Employed ,1959
Employed ,1959
Employed ,1959
Employed ,1959
Employed ,1959
Employed ,1959
Employed ,1959
Employed ,1959
Employed ,1959
Employed ,1959
Employed ,1959
Employed ,1959
Employed ,1959
Employed ,1959
Employed ,1959
Employed ,1959
Employed ,1959
Employed ,1959
Employed ,1959
Employed ,1959
Employed ,1959
Employed ,1959
Employed ,1959
Employed ,1959
Employed ,1959
Employed ,1959
Employed ,1959
Employed ,1959
Employed ,1959
Employed ,1959
Employed ,1959
Employed ,1959
Employed ,1959
Employed ,1959
Employed ,1959
Employed ,1959
Employed ,1959
Employed ,1959
Employed ,1959
Employed ,1959
Employed ,1959
Employed ,1959
Employed ,1959
Employed ,1959
Employed ,1959
Employed ,1959
Employed ,1959
Employed ,1959
Employed ,1959
Employed ,1959
Employed ,1959
Employed ,1959
Employed ,1959
Employed ,1959
Employed ,1959
Employed ,1959
Employed ,1959
Employed ,1959
Employed ,1959
Employed ,1959
Employed ,1959
Employed ,1959
Employed ,1959
Employed ,1959
Employed ,1959
Employed ,1959
Employed ,1959
Employed ,1959
Employed ,1959
Employed ,1959
Employed ,1959
Employed ,1959
Employed ,1959
Employed ,1959
Employed ,1959
Employed ,1959
Employed ,1959
Employed ,1959
Employed ,1959
Employed ,1970
Employed ,1970
Employed ,1970
Employed ,1970
Employed ,1970
Employed ,1970
Employed ,1970
Employed ,1970
Employed ,1970
Employed ,1970
Employed ,1970
Employed ,1970
Employed ,1970
Employed ,1970
Employed ,1970
Employed ,1970
Employed ,1970
Employed ,1970
Employed ,1970
Employed ,1970
Employed ,1970
Employed ,1970
Employed ,1970
Employed ,1970
Employed ,1970
Employed ,1970
Employed ,1970
Employed ,1970
Employed ,1970
Employed ,1970
Employed ,1970
Employed ,1970
Employed ,1970
Employed ,1970
Employed ,1970
Employed ,1970
Employed ,1970
Employed ,1970
Employed ,1970
Employed ,1970
Employed ,1970
Employed ,1970
Employed ,1970
Employed ,1970
Employed ,1970
Employed ,1970
Employed ,1970
Employed ,1970
Employed ,1970
Employed ,1970
Employed ,1970
Employed ,1970
Employed ,1970
Employed ,1970
Employed ,1970
Employed ,1970
Employed ,1970
Employed ,1970
Employed ,1970
Employed ,1970
Employed ,1970
Employed ,1970
Employed ,1970
Employed ,1970
Employed ,1970
Employed ,1970
Employed ,1970
Employed ,1970
Employed ,1970
Employed ,1970
Employed ,1970
Employed ,1970
Employed ,1970
Employed ,1970
Employed ,1970
Employed ,1970
Employed ,1970
Employed ,1970
Employed ,1970
Employed ,1970
Employed ,1970
Employed ,1970
Employed ,1970
Employed ,1970
Employed ,1970
Employed ,1970
Employed ,1970
Employed ,1970
Employed ,1970
Employed ,1970
Employed ,1970
Employed ,1970
Employed ,1970
Employed ,1970
Employed ,1970
Employed ,1970
Employed ,1970
Employed ,1970
Employed ,1970
Employed ,1970
Employed ,1970
Employed ,1970
Employed ,1970
Employed ,1970
Employed ,1970
Employed ,1970
Employed ,1970
Employed ,1970
Employed ,1970
Employed ,1970
Employed ,1970
Employed ,1970
Employed ,1970
Employed ,1970
Employed ,1970
Employed ,1970
Employed ,1970
Employed ,1970
Employed ,1970
Employed ,1970
Employed ,1970
Employed ,1970
Employed ,1970
Employed ,1970
Employed ,1970
Employed ,1970
Employed ,1970
Employed ,1970
Employed ,1970
Employed ,1970
Employed ,1970
Employed ,1970
Employed ,1970
Employed ,1970
Employed ,1970
Employed ,1970
Employed ,1970
Employed ,1980
Employed ,1980
Employed ,1980
Employed ,1980
Employed ,1980
Employed ,1980
Employed ,1980
Employed ,1980
Employed ,1980
Employed ,1980
Employed ,1980
Employed ,1980
Employed ,1980
Employed ,1980
Employed ,1980
Employed ,1980
Employed ,1980
Employed ,1980
Employed ,1980
Employed ,1980
Employed ,1980
Employed ,1980
Employed ,1980
Employed ,1980
Employed ,1980
Employed ,1980
Employed ,1980
Employed ,1980
Employed ,1980
Employed ,1980
Employed ,1980
Employed ,1980
Employed ,1980
Employed ,1980
Employed ,1980
Employed ,1980
Employed ,1980
Employed ,1980
Employed ,1980
Employed ,1980
Employed ,1980
Employed ,1980
Employed ,1980
Employed ,1980
Employed ,1980
Employed ,1980
Employed ,1980
Employed ,1980
Employed ,1980
Employed ,1980
Employed ,1980
Employed ,1980
Employed ,1980
Employed ,1980
Employed ,1980
Employed ,1980
Employed ,1980
Employed ,1980
Employed ,1980
Employed ,1980
Employed ,1980
Employed ,1980
Employed ,1980
Employed ,1980
Employed ,1980
Employed ,1980
Employed ,1980
Employed ,1980
Employed ,1980
Employed ,1980
Employed ,1980
Employed ,1980
Employed ,1980
Employed ,1980
Employed ,1980
Employed ,1980
Employed ,1980
Employed ,1980
Employed ,1980
Employed ,1980
Employed ,1980
Employed ,1980
Employed ,1980
Employed ,1980
Employed ,1980
Employed ,1980
Employed ,1980
Employed ,1980
Employed ,1980
Employed ,1980
Employed ,1980
Employed ,1980
Employed ,1980
Employed ,1980
Employed ,1980
Employed ,1980
Employed ,1980
Employed ,1980
In the military ,1959
In the military ,1959
In the military ,1959
In the military ,1959
In the military ,1959
In the military ,1959
In the military ,1959
In the military ,1959
In the military ,1959
In the military ,1959
In the military ,1959
In the military ,1959
In the military ,1959
In the military ,1959
In the military ,1959
In the military ,1959
In the military ,1959
In the military ,1959
In the military ,1959
In the military ,1959
In the military ,1970
In the military ,1970
In the military ,1970
In the military ,1970
In the military ,1970
In the military ,1970
In the military ,1970
In the military ,1970
In the military ,1970
In the military ,1970
In the military ,1970
In the military ,1970
In the military ,1970
In the military ,1970
In the military ,1970
In the military ,1970
In the military ,1970
In the military ,1970
In the military ,1980
In the military ,1980
In the military ,1980
In the military ,1980
In the military ,1980
In the military ,1980
In the military ,1980
In the military ,1980
In the military ,1980
In the military ,1980
In the military ,1980
In the military ,1980
In the military ,1980
In the military ,1980
In the military ,1980
In the military ,1980
In the military ,1980
In the military ,1980
Other ,1959
Other ,1959
Other ,1959
Other ,1959
Other ,1959
Other ,1959
Other ,1959
Other ,1959
Other ,1959
Other ,1959
Other ,1959
Other ,1959
Other ,1959
Other ,1970
Other ,1970
Other ,1970
Other ,1970
Other ,1970
Other ,1970
Other ,1970
Other ,1970
Other ,1970
Other ,1970
Other ,1970
Other ,1970
Other ,1970
Other ,1970
Other ,1970
Other ,1970
Other ,1970
Other ,1970
Other ,1970
Other ,1970
Other ,1970
Other ,1970
Other ,1970
Other ,1970
Other ,1970
Other ,1970
Other ,1970
Other ,1970
Other ,1970
Other ,1970
Other ,1970
Other ,1970
Other ,1970
Other ,1970
Other ,1970
Other ,1970
Other ,1970
Other ,1970
Other ,1970
Other ,1970
Other ,1970
Other ,1970
Other ,1970
Other ,1970
Other ,1970
Other ,1970
Other ,1970
Other ,1970
Other ,1970
Other ,1970
Other ,1970
Other ,1970
Other ,1970
Other ,1970
Other ,1970
Other ,1970
Other ,1970
Other ,1970
Other ,1980
Other ,1980
Other ,1980
Other ,1980
Other ,1980
Other ,1980
Other ,1980
Other ,1980
Other ,1980
Other ,1980
Other ,1980
Other ,1980
Other ,1980
Other ,1980
Other ,1980
Other ,1980
Other ,1980
Other ,1980
Other ,1980
Other ,1980
Other ,1980
Other ,1980
Other ,1980
Other ,1980
Other ,1980
Other ,1980
Other ,1980
Other ,1980
Other ,1980
Other ,1980
Other ,1980
Other ,1980
Other ,1980
Other ,1980
Other ,1980
Other ,1980
Other ,1980
Other ,1980
Other ,1980
Other ,1980
Other ,1980
Other ,1980
Other ,1980
Other ,1980
Other ,1980
